{"compliance": [8.52306635498561, 19.464746970558085, 37.42698985224285, 52.352059942397545, 46.61915851881406, 42.405992641386334, 41.95960697634935], "volume": [0.9270243583762211, 0.7076419151849457, 0.5315793147139708, 0.48189871586248095, 0.489802819363495, 0.49869522184393084, 0.49935971444361743], "design_vector": [[[0.0], [0.0], [0.0], [0.0], [0.0], [0.0], [0.0], [0.0], [0.0], [0.0], [0.0], [0.0], [0.0], [0.0], [0.0], [0.0], [0.0], [0.0], [0.0], [0.0], [0.0], [0.0], [0.0], [0.0], [0.0], [0.0], [0.0], [0.0], [0.0], [0.0], [0.0], [0.0], [0.0], [0.0], [0.0], [0.0], [0.0], [0.0], [0.0], [0.0], [0.0], [0.0], [0.0], [0.0], [0.0], [0.0], [0.0], [0.0], [0.0], [0.0], [0.0], [0.0], [0.0], [0.0], [0.0], [0.0], [0.0], [0.0], [0.0], [0.0], [0.0], [0.0], [0.0], [0.0], [0.0], [0.0], [0.0], [0.0], [0.0], [0.0], [0.0], [0.0], [0.0], [0.0], [0.0], [0.0], [0.0], [0.0], [0.0], [0.0], [0.0], [0.0], [0.0], [0.0], [0.0], [0.0], [0.0], [0.0], [0.0], [0.0]], [[0.08376973991664138], [-0.08539029011717593], [0.08754911961331728], [-0.08961761071652918], [0.08632838050921343], [-0.08916449755781422], [0.08761592161650217], [-0.08963793735952295], [0.08474591977128591], [-0.08571520557751608], [0.08843208506615445], [-0.08940747452624857], [0.08999999341912314], [-0.08999999829999285], [0.08999976371638053], [-0.08999999778330177], [0.0899999938866639], [-0.08999999831432638], [0.0891235935814228], [-0.08966093426394486], [0.08357394523951676], [-0.08537585569587783], [0.08762845464955145], [-0.08966116665237281], [0.08642931686239609], [-0.08921907476450258], [0.08768858158271971], [-0.0896631536770645], [0.08455830910395216], [-0.08569962162251821], [0.0872458283822103], [-0.08948300163742923], [0.08979774710121716], [-0.08999999816533766], [0.08928251783072819], [-0.08999999778596046], [0.08987155363786493], [-0.08999999817808463], [0.0881747055304826], [-0.08964716237616979], [0.08999998909374197], [-0.08999999810455599], [0.08999999862604033], [-0.08999999951158758], [0.0899999980013371], [-0.08999999944284362], [0.08999999868650024], [-0.08999999951474141], [0.08999999614740392], [-0.08999999834633987], [0.08696309650085698], [-0.08946595629199186], [0.08999994182054723], [-0.08999999824929238], [0.08943537188009643], [-0.08999999785531355], [0.08999996467183576], [-0.0899999982605922], [0.0879452777835808], [-0.08962411283263721], [0.08389046639804143], [-0.08540268634233979], [0.08747083471242555], [-0.0895535939115795], [0.08523259644781327], [-0.08895290237543206], [0.08753601202331576], [-0.08955484743504177], [0.08485510205684717], [-0.08574011163016591], [0.08848239852852204], [-0.08940307714414321], [0.08999999237637285], [-0.08999999817171477], [0.08923011684710774], [-0.08999999735814043], [0.0899999930095681], [-0.08999999818790488], [0.08915714336383142], [-0.08965597536176603], [0.08376289268251606], [-0.08542089102476422], [0.08756182650219352], [-0.08957759831170223], [0.0854714195105828], [-0.08900240271430854], [0.08763802743914789], [-0.08959750042195296], [0.08466128957992548], [-0.08571302433267677]], [[0.1677544709533146], [-0.1712123853380207], [0.17544541591556764], [-0.17954588925778486], [0.1748249637134132], [-0.17913924056657463], [0.17548545695644116], [-0.17956424229492732], [0.16811763878436123], [-0.17152600642507912], [0.17734113848407862], [-0.17918976038971962], [0.1799999903715535], [-0.17999999700809752], [0.17999976106232718], [-0.1799999964676295], [0.1799999907571249], [-0.1799999970194547], [0.1777514087600646], [-0.17947385360615514], [0.1675144189228317], [-0.17119227056187467], [0.17597942918852738], [-0.1796604143136201], [0.17497699273339087], [-0.17921821390264334], [0.17608987150030095], [-0.17966290800641146], [0.1679352498770475], [-0.17150589044794115], [0.17506282356064712], [-0.17933452087938262], [0.17979774176058155], [-0.1799999968705496], [0.17928251538551912], [-0.17999999662637195], [0.17987154828440036], [-0.1799999968839721], [0.17584042292742122], [-0.17949200799672774], [0.17999998519337262], [-0.17999999667126165], [0.17999999794864693], [-0.1799999991481235], [0.17999999749033307], [-0.1799999991017733], [0.1799999980078921], [-0.17999999915148118], [0.17999999193088956], [-0.17999999692997623], [0.17481651481733929], [-0.17932056261283716], [0.17999993785110976], [-0.1799999970032562], [0.17943536942956975], [-0.17999999671097316], [0.17999996075917774], [-0.17999999701649685], [0.1756617737845084], [-0.17947035345770398], [0.16816583812666588], [-0.17128583209267406], [0.17563400360385653], [-0.17952045452518672], [0.17381634822260658], [-0.17895278741430093], [0.17566768214599973], [-0.17952297059391487], [0.1687946715911653], [-0.17169199030312943], [0.1775440508900433], [-0.17921707703248463], [0.17999998965486128], [-0.1799999968948093], [0.17923011430302727], [-0.17999999608423772], [0.17999999028722924], [-0.17999999691440582], [0.17808546342889903], [-0.17952687102183817], [0.16799551775966265], [-0.17128252503882194], [0.17594562449552625], [-0.1795768076500339], [0.17396456254986883], [-0.1790022799196576], [0.17604890442854157], [-0.17959705784837676], [0.16861816794386703], [-0.17164167031920158]], [[0.165755338207693], [-0.19716161810262323], [0.17279358632126324], [-0.2219935153041053], [0.16338397703551666], [-0.22462947534293776], [0.17032445501138574], [-0.22684663431052812], [0.16104174633588647], [-0.20041328642010853], [0.17301599012467903], [-0.21793854354749803], [0.1753173706647596], [-0.23438757507744162], [0.16206560637001285], [-0.24059973726803258], [0.1698067353865128], [-0.2441053448894932], [0.16282250925560435], [-0.2254196296312407], [0.16420393949429765], [-0.19688307908987643], [0.16903446702422037], [-0.2214252021854073], [0.1636235559404036], [-0.22457987915779493], [0.16661483050099635], [-0.22666391974656222], [0.1593297747099496], [-0.20007646996899722], [0.14626827586221147], [-0.22363584160677014], [0.14478272203239373], [-0.23274982434495708], [0.14583357227240282], [-0.240633864440279], [0.1386029450884145], [-0.24738649655144507], [0.14407723771562672], [-0.23284413235781354], [0.1396865534804256], [-0.23238417999087824], [0.13434897143976918], [-0.23756155166863377], [0.1332701694332588], [-0.24765509518888607], [0.12315595383232587], [-0.25779690813764733], [0.13093976731185986], [-0.2500407280393238], [0.1460348547862626], [-0.22310436356519753], [0.14434154713946928], [-0.23308954590240377], [0.1463374432042604], [-0.24023404103332524], [0.13751641825754768], [-0.24775027547969164], [0.14302524904842293], [-0.23311782125282432], [0.17220057455303484], [-0.1969534070487206], [0.19203473924346157], [-0.21764477724340403], [0.1757995869807449], [-0.22184498394828], [0.19057773372978865], [-0.22685225692705752], [0.17253417243168323], [-0.20203720693430594], [0.18552853380304307], [-0.21505600716090784], [0.21143271655520193], [-0.2263858859969258], [0.19258162272746873], [-0.23408046190001403], [0.20854054475001463], [-0.24235974067055377], [0.18349449117443659], [-0.22654079407634373], [0.17175031967839574], [-0.1957864395557366], [0.19057790480865147], [-0.2170581288981264], [0.17619575262714426], [-0.221573734954348], [0.18792775253393665], [-0.22682222742526578], [0.17114826326871602], [-0.20183411236130713]], [[0.1671559319398285], [-0.1934748471632752], [0.17397743818250294], [-0.21707371169981968], [0.1632945482067581], [-0.22575017456059637], [0.16988016806199802], [-0.23159806497315574], [0.160867212629018], [-0.20239229850089496], [0.17677091570711562], [-0.2075562379665958], [0.17817919863141018], [-0.22326354340953108], [0.16176386046321203], [-0.24321109244572928], [0.1687732862806697], [-0.2547900069511154], [0.1623561431877907], [-0.23032862518149697], [0.16587761331416123], [-0.1916013661442513], [0.17054266284951103], [-0.21503895140005702], [0.16365754132062338], [-0.2251546982575038], [0.16619216514062998], [-0.23143815098698164], [0.1591424781905433], [-0.2020386040503229], [0.1500960918252416], [-0.21057999760467516], 