{"compliance": [15123.196551459347, 9010.51922797306, 2583.5756984598493, 429.5838208101795, 151.91194900626138, 89.58221234955401, 64.74608178014428, 56.70279813843339, 50.945414697885695, 47.533016285910435, 45.67465061698758, 44.490892318760885, 43.62015760706768, 42.99610654836498, 42.80522928598422, 42.57244725395685, 42.51395509584291, 41.806499546950725, 42.01322468060409, 41.70586953659566, 40.72291869915233, 41.053687485845195, 40.89826498472137, 41.34570378715372, 41.02176566834325, 41.0824788781475, 39.681741173139116, 40.59779370025008, 39.207825848821415, 40.1722518768319, 39.432828432057136, 39.719887825434725, 39.53958650711958, 39.141900250058455, 39.12389784977509, 38.24879185888401, 38.86060555019531, 38.47934272068063, 38.58471465410797], "volume": [0.1581850666278953, 0.1665066068389923, 0.19633619672681862, 0.2744045348480113, 0.36290677298049373, 0.4166320130203924, 0.4534496496899302, 0.47486730967006185, 0.4866784189259324, 0.4924753876911624, 0.4954822762273798, 0.4973057291366045, 0.4982652455245452, 0.4988241198132607, 0.4991806272078496, 0.4993750675851874, 0.499470698791911, 0.4995184868780058, 0.49959258045525284, 0.4994976567451178, 0.4994948123060799, 0.4995133475086717, 0.4995490492203493, 0.4995777735198424, 0.49966701196342483, 0.4996792051491319, 0.49969082788324354, 0.49966755362376636, 0.4996446573181571, 0.499716455484028, 0.499736627591228, 0.4996951686883684, 0.4997165094468001, 0.49974979199886416, 0.49973530471155303, 0.4997339651919685, 0.49971990595513854, 0.49971278582107853, 0.499718286698497], "design_vector": [[[0.0], [0.0], [0.0], [0.0], [0.0], [0.0], [0.0], [0.0], [0.0], [0.0], [0.0], [0.0]], [[-0.08134709261377575], [-0.08431706766872962], [-0.08388595733499508], [-0.08050174518075123], [-0.08337979189384968], [-0.08380746084592364], [-0.08399696261758582], [-0.08590037477039887], [-0.08548568811673503], [-0.08460562452375983], [-0.08561486525234817], [-0.08516293580274138]], [[-0.1644223581397168], [-0.16872299291614637], [-0.1673017844362964], [-0.16350224612050046], [-0.1678637770001138], [-0.16768246701202155], [-0.17045716428811367], [-0.17289148844546282], [-0.1714994202101043], [-0.1708453361015159], [-0.17234220843609155], [-0.17121805256495667]], [[-0.25488776038001004], [-0.26088228100405675], [-0.2570580952643692], [-0.25366214945932763], [-0.25979683338199344], [-0.25697071384829473], [-0.26625816465161006], [-0.26818416769154363], [-0.26390979788021074], [-0.2663866294108338], [-0.26809990904819725], [-0.2642786837990346]], [[-0.3348529271713455], [-0.33715122784716395], [-0.32030022589108126], [-0.33448143076042797], [-0.336390633250206], [-0.32031405158026155], [-0.35276383009728945], [-0.3503685111525296], [-0.3319904829826597], [-0.3537265005057077], [-0.35075051013232844], [-0.33294609820109533]], [[-0.3885347926908038], [-0.38027557340141643], [-0.33964167317196414], [-0.38724202635252], [-0.37901970661769174], [-0.33846997904391796], [-0.4098118483639544], [-0.39843480092766675], [-0.35594816317827493], [-0.4103047899549193], [-0.3988625997983561], [-0.35695690968129096]], [[-0.42917214975654716], [-0.4095084168708461], [-0.3417506040721595], [-0.4282920819171365], [-0.407523345372238], [-0.34002709829410793], [-0.45310497727268], [-0.4321125773992299], [-0.36361340111829277], [-0.452902125585835], [-0.432940467660346], [-0.36513915648903156]], [[-0.4610911910716173], [-0.4265897732716212], [-0.3306282551847131], [-0.46015967225454807], [-0.4250419018147142], [-0.3295067351984057], [-0.4845026568777109], [-0.45376094205668815], [-0.35803118490211405], [-0.4832307773091356], [-0.45480454119970454], [-0.36022870305876936]], [[-0.48398366885905536], [-0.4355392198592536], [-0.3181387661001969], [-0.48280791703125947], [-0.4331090485997187], [-0.315976689826229], [-0.506958193346785], [-0.4673009788033348], [-0.3490105384298522], [-0.5049024214700043], [-0.4678751994155904], [-0.3509626371176869]], [[-0.5036454465787051], [-0.43977416283251214], [-0.30177317637271966], [-0.502610741568829], [-0.4372206577695394], [-0.2988589655033877], [-0.5238689596611549], [-0.4755925573225485], [-0.33673630532953847], [-0.522935711248586], [-0.4758147047781088], [-0.3381859133849979]], [[-0.51935023898923], [-0.44268785186209114], [-0.28400067974412163], [-0.5199065516922002], [-0.4405628877138488], [-0.2801453414126797], [-0.5367530306002072], [-0.48329793616285155], [-0.32356905400253305], [-0.5367041756121432], [-0.48390174352757986], [-0.32473017519417036]], [[-0.5317523229718555], [-0.44636214056385665], [-0.2673812771682009], [-0.5318417712346535], [-0.4435111949407338], [-0.26279040585093605], [-0.5434223559042679], [-0.4917962075129134], [-0.31285522690592793], [-0.5451929640784132], [-0.4934047584129379], [-0.313785010765172]], [[-0.5441147540302076], [-0.4516176245512545], [-0.2515783419033871], [-0.5432997959500698], [-0.4461067228933221], [-0.24350264523180584], [-0.5505416367578959], [-0.4999671633840403], [-0.3003667692482529], [-0.5512199215614682], [-0.5009823171421051], [-0.3008241507336089]], [[-0.5593596953560894], [-0.46258939148242323], [-0.23562615699264716], [-0.551783573193376], [-0.44738228578826095], [-0.22260294572008962], [-0.5529455407507513], [-0.5093336379052668], [-0.2886507062050243], [-0.5513591996154694], [-0.5090934195563727], [-0.2891328451292654]], [[-0.5684717969381713], [-0.4687653007651159], [-0.2201304405577911], [-0.558507305709312], [-0.4507443394134598], [-0.20434189000693384], [-0.5504421420726748], [-0.5221581588696645], [-0.28114382712144775], [-0.5474138868157744], [-0.521202069122286], [-0.2813869427915096]], [[-0.5736831444584135], [-0.4744446722713077], [-0.20778290768478583], [-0.5607488906871301], [-0.4540042384583179], [-0.1876917394034965], [-0.5456788015627408], [-0.5343146424073807], [-0.2767705086088925], [-0.5419474489374487], [-0.5346228272407997], [-0.27853146681929564]], [[-0.5814977140579116], [-0.4815528035386489], [-0.195260780526347], [-0.5660470186195428], [-0.4582808034687733], [-0.17152513334995614], [-0.5354869829869932], [-0.544976360104427], [-0.27482816950332684], [-0.5327319370409273], [-0.5470847436706903], [-0.27608977007308577]], [[-0.5859394300993391], [-0.4855215837029031], [-0.18192368311892682], [-0.5668541276027442], [-0.4637710892820545], [-0.15701064871669965], [-0.521791654738209], [-0.556174954171168], [-0.27347016736470675], [-0.5205646717966523], [-0.5669926681080101], [-0.2814412686780056]], [[-0.6040564714068481], [-0.48880711958537504], [-0.16265243839759633], [-0.588406028583255], [-0.4687555688586184], [-0.1332699380590375], [-0.5098177065643474], [-0.5606633044738552], [-0.26266042294524783], [-0.5144375498601432], [-0.5792868955398541], [-0.27759356285863274]], [[-0.6002984886809886], [-0.501351725767765], [-0.17224444720179272], [-0.5802599248019755], [-0.46762735927937715], [-0.12891348593667454], [-0.4800088353365873], [-0.5798298139922848], [-0.28764647992585674], [-0.48471602846500583], [-0.5903179554764446], [-0.2839080220778554]], [[-0.6164587187940974], [-0.5072383612612114], [-0.15772853089326688], [-0.5963413153352461], [-0.4735932676906702], [-0.10611029675178628], [-0.4606441613051035], [-0.5865828110171787], [-0.28247855381668774], [-0.4695038147788868], [-0.6082580403138808], [-0.28401167422769763]], [[-0.6263250361610068], [-0.5227782067218223], [-0.15154242470515353], [-0.604781455158011], [-0.47742273183513917], [-0.077007294406886], [-0.44354886372273356], [-0.5994907093353776], [-0.2799787903814875], [-0.45275207682015445], [-0.6227374453508369], [-0.28285478351843935]], [[-0.6344819381108487], [-0.5311227808242812], [-0.1496615851084361], [-0.6115108994990481], [-0.48044533514812887], [-0.0636267228627528], [-0.42466787528223826], [-0.6140797534622715], [-0.28210974650387954], [-0.4297700980684244], [-0.6338849141144247], [-0.28358660514235556]], [[-0.6467659603686219], [-0.5364716143678967], [-0.14043845542283281], [-0.6201555132893926], [-0.48178159473402976], 