{"compliance": [3.333247690187957, 4.130741004878707, 5.210004234873165, 6.758346197143335, 8.725477573606117, 23.83223211241804, 28.613424735584744, 28.720360658186873], "volume": [1.357138372439069, 1.268993784586387, 1.1681573669144891, 1.0422856679545287, 0.9087824479304297, 0.6748677277013706, 0.633884828157236, 0.6338848297181159], "design_vector": [[[0.0], [0.0], [0.0], [0.0], [0.0], [0.0], [0.0], [0.0], [0.0], [0.0], [0.0], [0.0], [0.0], [0.0], [0.0], [0.0], [0.0], [0.0], [0.0], [0.0], [0.0], [0.0], [0.0], [0.0], [0.0], [0.0], [0.0], [0.0], [0.0], [0.0], [0.0], [0.0], [0.0], [0.0], [0.0], [0.0], [0.0], [0.0], [0.0], [0.0], [0.0], [0.0], [0.0], [0.0], [0.0], [0.0], [0.0], [0.0], [0.0], [0.0], [0.0], [0.0], [0.0], [0.0], [0.0], [0.0], [0.0], [0.0], [0.0], [0.0]], [[0.0879955675556184], [-0.08633752432650883], [0.08999999286366615], [-0.08873444607103519], [0.08999999538811702], [-0.08929813631276065], [0.08999999293825627], [-0.08875939868551067], [0.08814568092236086], [-0.08669877299798903], [0.08796208217373577], [-0.08624077725042155], [0.08999999330923149], [-0.08891290299231433], [0.08999999575462456], [-0.08963516566065247], [0.08999999340344585], [-0.08893401034097385], [0.08817747435248675], [-0.08677361938814454], [0.08999999550436216], [-0.08922602039481828], [0.08999999903884984], [-0.08999999395513064], [0.08999999909510183], [-0.08999999614318728], [0.08999999904345037], [-0.08999999422195323], [0.08999999605037853], [-0.08961453787235059], [0.08999999565699636], [-0.08936708801727347], [0.0899999990693284], [-0.08999999562724578], [0.08999999912376357], [-0.08999999714235488], [0.08999999907255998], [-0.08999999573373822], [0.08999999610957389], [-0.08969135893113109], [0.08803311729777935], [-0.08644914947326704], [0.08999999312835853], [-0.08884419753415822], [0.08999999527658514], [-0.0892468381817071], [0.08999999321182267], [-0.08886623061554358], [0.08817532165337418], [-0.08677913986723755], [0.08803402006454529], [-0.08644050799767006], [0.089999993688436], [-0.08905649606298012], [0.08999999556212093], [-0.08952806126718424], [0.08999999376077007], [-0.08908969663723207], [0.08824761927173573], [-0.08696303370370614]], [[0.17680979294361718], [-0.1739803201922517], [0.1799999899932041], [-0.1780755192852418], [0.17999999230944191], [-0.1792981058532441], [0.17999999008162995], [-0.17810894548434095], [0.17710909096508035], [-0.17465578907285484], [0.1768460844568781], [-0.1740994273590777], [0.17999999055911003], [-0.17846789398750887], [0.17999999298925706], [-0.17963515624854576], [0.17999999065718195], [-0.17850229425397166], [0.17718582715117903], [-0.17488616812304833], [0.1799999917267391], [-0.17863645907069886], [0.179999998303865], [-0.17999998993654218], [0.17999999836633745], [-0.17999999325511856], [0.17999999830960403], [-0.1799999902533509], [0.17999999238165879], [-0.17913552782453798], [0.17999999223602292], [-0.17902541812295594], [0.17999999835569386], [-0.17999999246178172], [0.17999999841900288], [-0.17999999491019156], [0.17999999835909264], [-0.17999999257098953], [0.17999999272322567], [-0.1793841898994298], [0.17670866876707655], [-0.17374418510489542], [0.17999999019936466], [-0.17804203320554535], [0.17999999211971388], [-0.17924676663420003], [0.17999999029238872], [-0.17808742737338837], [0.17701137780466883], [-0.17443974793152614], [0.17679591609498257], [-0.17401937116125973], [0.17999999088952573], [-0.17851164301250055], [0.17999999274185355], [-0.17952805001211605], [0.17999999097514102], [-0.17855213852135868], [0.17714313284607247], [-0.17482144905927718]], [[0.27680979035814207], [-0.27398031438394416], [0.2799999891204981], [-0.2780755171999385], [0.2799999916618396], [-0.27929810442986763], [0.2799999892182987], [-0.27810894344585557], [0.27710908867725687], [-0.2746557841648274], [0.2768460819171443], [-0.2740994221072232], [0.2799999897031816], [-0.2784678920542956], [0.27999999234507283], [-0.2796351548289636], [0.279999989809423], [-0.27850229235562446], [0.2771858249070262], [-0.27488616375971914], [0.27999999073867005], [-0.2786364569849109], [0.2799999979088161], [-0.2799999887902878], [0.2799999979822843], [-0.27999999239682677], [0.27999999791759145], [-0.27999998912314955], [0.2799999915159551], [-0.2791355260019738], [0.27999999125281266], [-0.27902541613671616], [0.27999999796580566], [-0.2799999913871503], [0.27999999803775333], [-0.27999999406605525], [0.27999999797284975], [-0.27999999151431715], [0.2799999918652681], [-0.27938418820212313], [0.27670866559734836], [-0.27374417823219466], [0.27999998921253816], [-0.2780420307586206], [0.2799999911443691], [-0.279246764776843], [0.2799999893155906], [-0.2780874249837231], [0.2770113750570728], [-0.2744397423150382], [0.27679591300378137], [-0.2740193651545245], [0.27999998992656877], [-0.2785116408089417], [0.2799999917808801], [-0.27952804820727983], [0.27999999002020065], [-0.2785521363526263], [0.27714313015510644], [-0.2748214441308438]], [[0.3768097889446524], [-0.3739803126753076], [0.3799999885677867], [-0.37807551619660074], [0.3799999911377679], [-0.3792981036649793], [0.37999998866719165], [-0.37810894244443766], [0.37710908735333803], [-0.3746557825908765], [0.3768460805049844], [-0.37409942038274], [0.3799999891486051], [-0.3784678910383786], [0.3799999918177342], [-0.3796351540453051], [0.37999998925649936], [-0.37850229134038876], [0.377185823576848], [-0.37488616214685405], [0.3799999901614495], [-0.3786364562168068], [0.37999999767295217], [-0.37999998831171145], [0.3799999977239829], [-0.37999999185458216], [0.37999999768242815], [-0.37999998864447276], [0.37999999096447845], [-0.37913552524360716], [0.37999999068469587], [-0.3790254153849654], [0.3799999977313753], [-0.37999999091626724], [0.37999999777942034], [-0.37999999351140223], [0.37999999773886844], [-0.3799999910403844], [0.37999999131823486], [-0.37938418744288155], [0.37670866412704096], [-0.3737441763998764], [0.37999998865034407], [-0.37804202971503775], [0.3799999906114372], [-0.3792467639802609], [0.379999988756523], [-0.37808742394925904], [0.3770113736912474], [-0.37443974065261143], [0.3767959115405377], [-0.3740193633209707], [0.37999998936404134], [-0.3785116397613871], [0.3799999912461554], [-0.3795280473956358], [0.37999998945992947], [-0.3785521353070191], [0.3771431287865936], [-0.37482144243750304]], [[0.47680978777559946], [-0.47398031126683743], [0.4799999881092373], [-0.4780755154960354], [0.4799999906705253], [-0.47929810298285624], [0.4799999882109187], [-0.47810894175468455], [0.47710908626974136], [-0.47465578139817316], [0.47684607934794054], [-0.4740994190039437], [0.4799999886867846], [-0.4784678903331008], [0.47999999135948784], [-0.47963515339036605], [0.4799999887977176], [-0.47850229064842986], [0.4771858225164715], [-0.4748861609952897], [0.4799999896279679], [-0.47863645535088517], [0.47999999747853656], [-0.4799999879785361], [0.4799999975360517], [-0.47999999156303214], [0.47999999748858285], [-0.479999988316069], [0.47999999046984354], [-0.47913552455393627], [0.4799999901533801], [-0.4790254145234639], [0.4799999975386854], [-0.4799999905889104], [0.4799999975918814], [-0.4799999932180706], [0.4799999975471401], [-0.47999999071864297], [0.47999999082855227], [-0.4793841867621633], [0.4767086629703872], [-0.4737441750192427], [0.4799999881952645], [-0.4780420290623884], [0.47999999015239575], [-0.47924676334036154], [0.4799999883024925], [-0.4780874233104681], [0.4770113726050351], [-0.47443973945283097], [0.4767959103983069], [-0.47401936197263783], [0.47999998889558015], [-0.47851163907014915], [0.47999999078733224], [-0.47952804675296495], [0.47999998899393237], [-0.4785521346267947], [0.4771431277307926], [-0.4748214412934862]], [[0.49999999918627985], [-0.49999999830776065], [0.49999999970383424], [-0.49999999941954165], [0.4999999996794995], [-0.4999999993761205], [0.4999999996974449], [-0.4999999994104932], [0.49999999898615366], [-0.4999999979073417], [0.49999999917100796], [-0.4999999982499517], 