{"compliance": [3.294598300946504, 4.193756811249651, 5.2373335018024685, 6.853928914920597, 8.720692220666482, 23.58651646971904, 29.005766884351015, 28.636536559787555], "volume": [1.3571383715752412, 1.2689937836667728, 1.1681573675324919, 1.0422856686568238, 0.9087824482439764, 0.674867725981961, 0.633884828203191, 0.6338848282508566], "design_vector": [[[0.0], [0.0], [0.0], [0.0], [0.0], [0.0], [0.0], [0.0], [0.0], [0.0], [0.0], [0.0], [0.0], [0.0], [0.0], [0.0], [0.0], [0.0], [0.0], [0.0], [0.0], [0.0], [0.0], [0.0], [0.0], [0.0], [0.0], [0.0], [0.0], [0.0], [0.0], [0.0], [0.0], [0.0], [0.0], [0.0], [0.0], [0.0], [0.0], [0.0], [0.0], [0.0], [0.0], [0.0], [0.0], [0.0], [0.0], [0.0], [0.0], [0.0], [0.0], [0.0], [0.0], [0.0], [0.0], [0.0], [0.0], [0.0], [0.0], [0.0]], [[0.08799556943626016], [-0.08633752679689735], [0.08999999286367479], [-0.08873444766765388], [0.08999999538811798], [-0.08929813639495279], [0.08999999293825739], [-0.0887593985699613], [0.08814568095073226], [-0.08669877303144954], [0.08796208320115423], [-0.08624077718490973], [0.08999999330923897], [-0.08891290345246244], [0.08999999575462489], [-0.08963516569050115], [0.08999999340344594], [-0.08893401025133948], [0.0881774742579969], [-0.08677361928294881], [0.08999999550436431], [-0.08922602117498428], [0.08999999903884989], [-0.0899999939551331], [0.08999999909510184], [-0.08999999614318738], [0.0899999990434504], [-0.08999999422195351], [0.08999999605037867], [-0.0896145379577834], [0.08999999565699825], [-0.08936708811737305], [0.0899999990693285], [-0.08999999562724625], [0.08999999912376357], [-0.08999999714235492], [0.08999999907256], [-0.08999999573373803], [0.08999999610957386], [-0.08969135896876598], [0.0880331176845797], [-0.08644915082186468], [0.08999999312835855], [-0.08884419822302682], [0.0899999952765843], [-0.08924683799106078], [0.08999999321182216], [-0.08886623080746898], [0.08817532171446882], [-0.08677913996134257], [0.08803402111153068], [-0.08644051016270454], [0.08999999368843935], [-0.08905649714913794], [0.0899999955621207], [-0.08952806118428215], [0.08999999376077027], [-0.08908969665850561], [0.08824761928559365], [-0.0869630338548078]], [[0.1768097930493051], [-0.17398031938167835], [0.17999998999321157], [-0.1780755187612069], [0.1799999923094428], [-0.17929810593541815], [0.179999990081631], [-0.17810894531902724], [0.1771090910332512], [-0.17465578916479774], [0.176846085127493], [-0.17409942601460662], [0.17999999055911828], [-0.17846789343016198], [0.17999999298925715], [-0.179635156278389], [0.179999990657182], [-0.1785022942235201], [0.17718582708721747], [-0.1748861681969614], [0.1799999917267396], [-0.17863645918926754], [0.179999998303865], [-0.1799999899365455], [0.17999999836633748], [-0.17999999325511878], [0.17999999830960406], [-0.17999999025335087], [0.1799999923816591], [-0.17913552794937643], [0.17999999223602436], [-0.1790254183501874], [0.17999999835569397], [-0.17999999246178308], [0.17999999841900288], [-0.17999999491019156], [0.17999999835909264], [-0.17999999257098914], [0.17999999272322573], [-0.1793841899220661], [0.17670866884887718], [-0.1737441861631089], [0.179999990199363], [-0.17804203425810966], [0.1799999921197135], [-0.1792467664436665], [0.1799999902923888], [-0.17808742730618263], [0.17701137798686084], [-0.17443974820503408], [0.1767959171065263], [-0.17401937285631983], [0.17999999088952873], [-0.17851164423232524], [0.17999999274185371], [-0.17952804992921528], [0.17999999097514147], [-0.17855213833751749], [0.17714313301527632], [-0.17482144935089555]], [[0.27680979046382975], [-0.2739803135733715], [0.27999998912050555], [-0.2780755166759037], [0.2799999916618405], [-0.2792981045120417], [0.27999998921829977], [-0.27810894328054186], [0.27710908874542783], [-0.2746557842567706], [0.27684608258775967], [-0.2740994207627523], [0.2799999897031898], [-0.2784678914969488], [0.27999999234507295], [-0.27963515485880686], [0.2799999898094231], [-0.278502292325173], [0.2771858248430648], [-0.2748861638336327], [0.27999999073867055], [-0.27863645710347945], [0.2799999979088161], [-0.27999998879029114], [0.2799999979822843], [-0.27999999239682694], [0.2799999979175915], [-0.27999998912314955], [0.27999999151595545], [-0.27913552612681236], [0.27999999125281416], [-0.2790254163639477], [0.27999999796580577], [-0.2799999913871517], [0.27999999803775333], [-0.27999999406605525], [0.27999999797284975], [-0.2799999915143168], [0.2799999918652682], [-0.2793841882247596], [0.2767086656791492], [-0.2737441792904092], [0.2799999892125365], [-0.2780420318111851], [0.2799999911443687], [-0.2792467645863096], [0.2799999893155906], [-0.2780874249165173], [0.27701137523926483], [-0.2744397425885462], [0.2767959140153246], [-0.2740193668495846], [0.2799999899265717], [-0.27851164202876666], [0.2799999917808803], [-0.27952804812437915], [0.27999999002020104], [-0.27855213616878505], [0.27714313032431026], [-0.2748214444224622]], [[0.3768097890503401], [-0.3739803118647349], [0.37999998856779416], [-0.3780755156725659], [0.3799999911377688], [-0.37929810374715334], [0.37999998866719276], [-0.378108942279124], [0.377109087421509], [-0.3746557826828198], [0.3768460811755997], [-0.374099419038269], [0.3799999891486133], [-0.37846789048103174], [0.3799999918177343], [-0.37963515407514836], [0.3799999892564995], [-0.3785022913099373], [0.3771858235128866], [-0.37488616222076765], [0.37999999016144986], [-0.3786364563353754], [0.37999999767295217], [-0.3799999883117148], [0.3799999977239829], [-0.3799999918545823], [0.37999999768242826], [-0.37999998864447276], [0.3799999909644788], [-0.37913552536844575], [0.3799999906846973], [-0.379025415612197], [0.37999999773137544], [-0.37999999091626857], [0.37999999777942034], [-0.37999999351140223], [0.37999999773886844], [-0.37999999104038407], [0.379999991318235], [-0.37938418746551805], [0.3767086642088417], [-0.3737441774580909], [0.3799999886503424], [-0.3780420307676022], [0.37999999061143674], [-0.37924676378972744], [0.379999988756523], [-0.37808742388205324], [0.37701137387343947], [-0.3744397409261195], [0.37679591255208095], [-0.37401936501603067], [0.37999998936404417], [-0.37851164098121187], [0.37999999124615563], [-0.3795280473127351], [0.3799999894599298], [-0.37855213512317787], [0.3771431289557974], [-0.37482144272912155]], [[0.4768097878812872], [-0.4739803104562648], [0.47999998810924477], [-0.47807551497200057], [0.4799999906705262], [-0.4792981030650303], [0.4799999882109198], [-0.47810894158937095], [0.4771090863379123], [-0.4746557814901165], [0.4768460800185558], [-0.47409941765947267], [0.47999998868679283], [-0.4784678897757539], [0.47999999135948795], [-0.4796351534202093], [0.4799999887977178], [-0.47850229061797833], [0.47718582245251007], [-0.47488616106920317], [0.47999998962796836], [-0.4786364554694538], [0.47999999747853656], [-0.4799999879785395], [0.4799999975360517], [-0.4799999915630322], [0.47999999748858296], [-0.479999988316069], [0.4799999904698439], [-0.47913552467877485], [0.4799999901533815], [-0.4790254147506955], [0.4799999975386855], [-0.47999999058891174], [0.4799999975918814], [-0.4799999932180706], [0.4799999975471401], [-0.47999999071864263], [0.4799999908285524], [-0.4793841867847998], [0.4767086630521881], [-0.4737441760774574], [0.4799999881952629], [-0.47804203011495294], [0.47999999015239525], [-0.47924676314982806], [0.4799999883024925], [-0.4780874232432623], [0.4770113727872273], [-0.47443973972633907], [0.47679591140985017], [-0.4740193636676978], [0.47999998889558304], [-0.47851164028997395], [0.47999999078733246], [-0.47952804667006427], [0.4799999889939327], [-0.4785521344429534], [0.47714312789999636], [-0.47482144158510475]], [[0.49999999918627985], [-0.4999999983077603], [0.49999999970383424], [-0.49999999941954165], [0.4999999996794995], [-0.4999999993761205], [0.49999999969744496], [-0.4999999994104933], [0.49999999898615377], [-0.49999999790734156], [0.499999999171008], [-0.49999999824995167], [0.49999999970032516], 